Date,Client,Region,Product Name,Units Sold,Unit Price (¥),Revenue (¥),Current Stock,Needs Restock?,Reorder Level,Last Restock Date,日付,顧客,地域,製品名,販売数量,単価（円）,売上（円）,現在庫,要補充,発注点,最終補充日
2024-01-01,Yamato Corp,Tohoku,Silicone Resin,71,1273,90383,159,,120,2023-12-14,2024年01月01日,大和株式会社,東北,シリコーン樹脂,71,1273,90383,159,,120,2023年12月14日
2024-01-01,Yamato Corp,Tohoku,Liquid Silicone,99,2093,207207,231,,120,2023-12-03,2024年01月01日,大和株式会社,東北,液状シリコーン,99,2093,207207,231,,120,2023年12月03日
2024-01-01,Yamato Corp,Tohoku,Silicone Rubber,174,1259,219066,46,Yes,60,2023-12-21,2024年01月01日,大和株式会社,東北,シリコーンゴム,174,1259,219066,46,Yes,60,2023年12月21日
2024-01-01,Yamato Corp,Tohoku,Silicone Oil,82,1678,137596,118,,80,2023-11-11,2024年01月01日,大和株式会社,東北,シリコーンオイル,82,1678,137596,118,,80,2023年11月11日
2024-01-01,Yamato Corp,Tohoku,Silicone Sealant,107,1537,164459,324,,80,2023-12-15,2024年01月01日,大和株式会社,東北,シリコーンシーラント,107,1537,164459,324,,80,2023年12月15日
2024-01-01,Takeda Ltd,Tohoku,Silicone Resin,148,1196,177008,78,Yes,120,2023-11-07,2024年01月01日,武田有限会社,東北,シリコーン樹脂,148,1196,177008,78,Yes,120,2023年11月07日
2024-01-01,Takeda Ltd,Tohoku,Liquid Silicone,78,956,74568,114,,80,2023-11-30,2024年01月01日,武田有限会社,東北,液状シリコーン,78,956,74568,114,,80,2023年11月30日
2024-01-01,Takeda Ltd,Tohoku,Silicone Rubber,179,1773,317367,123,,100,2023-12-21,2024年01月01日,武田有限会社,東北,シリコーンゴム,179,1773,317367,123,,100,2023年12月21日
2024-01-01,Takeda Ltd,Tohoku,Silicone Oil,76,1648,125248,421,,80,2023-11-06,2024年01月01日,武田有限会社,東北,シリコーンオイル,76,1648,125248,421,,80,2023年11月06日
2024-01-01,Takeda Ltd,Tohoku,Silicone Sealant,141,1788,252108,60,Yes,120,2023-12-16,2024年01月01日,武田有限会社,東北,シリコーンシーラント,141,1788,252108,60,Yes,120,2023年12月16日
2024-01-01,Nihon Materials,Chubu,Silicone Resin,150,883,132450,301,,120,2023-11-05,2024年01月01日,日本マテリアル,中部,シリコーン樹脂,150,883,132450,301,,120,2023年11月05日
2024-01-01,Nihon Materials,Chubu,Liquid Silicone,180,2080,374400,97,,80,2023-11-24,2024年01月01日,日本マテリアル,中部,液状シリコーン,180,2080,374400,97,,80,2023年11月24日
2024-01-01,Nihon Materials,Chubu,Silicone Rubber,64,1985,127040,484,,120,2023-11-13,2024年01月01日,日本マテリアル,中部,シリコーンゴム,64,1985,127040,484,,120,2023年11月13日
2024-01-01,Nihon Materials,Chubu,Silicone Oil,74,1591,117734,51,Yes,100,2023-12-17,2024年01月01日,日本マテリアル,中部,シリコーンオイル,74,1591,117734,51,Yes,100,2023年12月17日
2024-01-01,Nihon Materials,Chubu,Silicone Sealant,76,1883,143108,469,,60,2023-12-15,2024年01月01日,日本マテリアル,中部,シリコーンシーラント,76,1883,143108,469,,60,2023年12月15日
2024-01-01,Fujita Co,Kyushu,Silicone Resin,142,2132,302744,47,Yes,120,2023-12-05,2024年01月01日,藤田商事,九州,シリコーン樹脂,142,2132,302744,47,Yes,120,2023年12月05日
2024-01-01,Fujita Co,Kyushu,Liquid Silicone,99,998,98802,426,,60,2023-11-18,2024年01月01日,藤田商事,九州,液状シリコーン,99,998,98802,426,,60,2023年11月18日
2024-01-01,Fujita Co,Kyushu,Silicone Rubber,73,1177,85921,426,,80,2023-11-16,2024年01月01日,藤田商事,九州,シリコーンゴム,73,1177,85921,426,,80,2023年11月16日
2024-01-01,Fujita Co,Kyushu,Silicone Oil,64,1976,126464,261,,100,2023-12-25,2024年01月01日,藤田商事,九州,シリコーンオイル,64,1976,126464,261,,100,2023年12月25日
2024-01-01,Fujita Co,Kyushu,Silicone Sealant,66,2059,135894,379,,80,2023-12-23,2024年01月01日,藤田商事,九州,シリコーンシーラント,66,2059,135894,379,,80,2023年12月23日
2024-01-01,Harada Inc,Tohoku,Silicone Resin,112,1525,170800,156,,100,2023-12-08,2024年01月01日,原田インク,東北,シリコーン樹脂,112,1525,170800,156,,100,2023年12月08日
2024-01-01,Harada Inc,Tohoku,Liquid Silicone,121,1194,144474,103,,60,2023-12-15,2024年01月01日,原田インク,東北,液状シリコーン,121,1194,144474,103,,60,2023年12月15日
2024-01-01,Harada Inc,Tohoku,Silicone Rubber,121,1073,129833,359,,100,2023-11-16,2024年01月01日,原田インク,東北,シリコーンゴム,121,1073,129833,359,,100,2023年11月16日
2024-01-01,Harada Inc,Tohoku,Silicone Oil,144,965,138960,71,Yes,120,2023-11-17,2024年01月01日,原田インク,東北,シリコーンオイル,144,965,138960,71,Yes,120,2023年11月17日
2024-01-01,Harada Inc,Tohoku,Silicone Sealant,82,901,73882,464,,80,2023-12-21,2024年01月01日,原田インク,東北,シリコーンシーラント,82,901,73882,464,,80,2023年12月21日
2024-01-01,Sumida Trading,Chubu,Silicone Resin,137,1200,164400,115,,60,2023-11-16,2024年01月01日,隅田トレーディング,中部,シリコーン樹脂,137,1200,164400,115,,60,2023年11月16日
2024-01-01,Sumida Trading,Chubu,Liquid Silicone,129,2133,275157,125,,80,2023-12-12,2024年01月01日,隅田トレーディング,中部,液状シリコーン,129,2133,275157,125,,80,2023年12月12日
2024-01-01,Sumida Trading,Chubu,Silicone Rubber,146,801,116946,264,,60,2023-11-21,2024年01月01日,隅田トレーディング,中部,シリコーンゴム,146,801,116946,264,,60,2023年11月21日
2024-01-01,Sumida Trading,Chubu,Silicone Oil,126,915,115290,193,,100,2023-11-23,2024年01月01日,隅田トレーディング,中部,シリコーンオイル,126,915,115290,193,,100,2023年11月23日
2024-01-01,Sumida Trading,Chubu,Silicone Sealant,152,889,135128,213,,100,2023-11-12,2024年01月01日,隅田トレーディング,中部,シリコーンシーラント,152,889,135128,213,,100,2023年11月12日
2024-01-01,Okabe Partners,Kyushu,Silicone Resin,192,1793,344256,145,,120,2023-11-18,2024年01月01日,岡部パートナーズ,九州,シリコーン樹脂,192,1793,344256,145,,120,2023年11月18日
2024-01-01,Okabe Partners,Kyushu,Liquid Silicone,98,1116,109368,490,,120,2023-12-26,2024年01月01日,岡部パートナーズ,九州,液状シリコーン,98,1116,109368,490,,120,2023年12月26日
2024-01-01,Okabe Partners,Kyushu,Silicone Rubber,58,1573,91234,112,Yes,120,2023-12-01,2024年01月01日,岡部パートナーズ,九州,シリコーンゴム,58,1573,91234,112,Yes,120,2023年12月01日
2024-01-01,Okabe Partners,Kyushu,Silicone Oil,90,2193,197370,243,,80,2023-12-24,2024年01月01日,岡部パートナーズ,九州,シリコーンオイル,90,2193,197370,243,,80,2023年12月24日
2024-01-01,Okabe Partners,Kyushu,Silicone Sealant,141,2141,301881,123,,100,2023-11-15,2024年01月01日,岡部パートナーズ,九州,シリコーンシーラント,141,2141,301881,123,,100,2023年11月15日
2024-01-01,Hayashi Group,Kyushu,Silicone Resin,176,806,141856,498,,80,2023-12-16,2024年01月01日,林グループ,九州,シリコーン樹脂,176,806,141856,498,,80,2023年12月16日
2024-01-01,Hayashi Group,Kyushu,Liquid Silicone,181,2137,386797,61,Yes,100,2023-12-29,2024年01月01日,林グループ,九州,液状シリコーン,181,2137,386797,61,Yes,100,2023年12月29日
2024-01-01,Hayashi Group,Kyushu,Silicone Rubber,176,1608,283008,227,,100,2023-12-18,2024年01月01日,林グループ,九州,シリコーンゴム,176,1608,283008,227,,100,2023年12月18日
2024-01-01,Hayashi Group,Kyushu,Silicone Oil,61,886,54046,51,Yes,60,2023-12-07,2024年01月01日,林グループ,九州,シリコーンオイル,61,886,54046,51,Yes,60,2023年12月07日
2024-01-01,Hayashi Group,Kyushu,Silicone Sealant,94,2066,194204,161,,120,2023-11-07,2024年01月01日,林グループ,九州,シリコーンシーラント,94,2066,194204,161,,120,2023年11月07日
2024-02-01,Yamato Corp,Kanto,Silicone Resin,149,1484,221116,431,,60,2023-12-08,2024年02月01日,大和株式会社,関東,シリコーン樹脂,149,1484,221116,431,,60,2023年12月08日
2024-02-01,Yamato Corp,Kanto,Liquid Silicone,102,1494,152388,327,,120,2023-12-19,2024年02月01日,大和株式会社,関東,液状シリコーン,102,1494,152388,327,,120,2023年12月19日
2024-02-01,Yamato Corp,Kanto,Silicone Rubber,131,1713,224403,250,,100,2023-12-26,2024年02月01日,大和株式会社,関東,シリコーンゴム,131,1713,224403,250,,100,2023年12月26日
2024-02-01,Yamato Corp,Kanto,Silicone Oil,145,1111,161095,400,,120,2024-01-29,2024年02月01日,大和株式会社,関東,シリコーンオイル,145,1111,161095,400,,120,2024年01月29日
2024-02-01,Yamato Corp,Kanto,Silicone Sealant,84,1244,104496,132,,100,2024-01-17,2024年02月01日,大和株式会社,関東,シリコーンシーラント,84,1244,104496,132,,100,2024年01月17日
2024-02-01,Takeda Ltd,Kyushu,Silicone Resin,146,1702,248492,371,,60,2024-01-02,2024年02月01日,武田有限会社,九州,シリコーン樹脂,146,1702,248492,371,,60,2024年01月02日
2024-02-01,Takeda Ltd,Kyushu,Liquid Silicone,73,1203,87819,332,,80,2024-01-04,2024年02月01日,武田有限会社,九州,液状シリコーン,73,1203,87819,332,,80,2024年01月04日
2024-02-01,Takeda Ltd,Kyushu,Silicone Rubber,157,1331,208967,483,,80,2023-12-13,2024年02月01日,武田有限会社,九州,シリコーンゴム,157,1331,208967,483,,80,2023年12月13日
2024-02-01,Takeda Ltd,Kyushu,Silicone Oil,145,1219,176755,289,,60,2023-12-29,2024年02月01日,武田有限会社,九州,シリコーンオイル,145,1219,176755,289,,60,2023年12月29日
2024-02-01,Takeda Ltd,Kyushu,Silicone Sealant,115,1134,130410,457,,80,2024-01-26,2024年02月01日,武田有限会社,九州,シリコーンシーラント,115,1134,130410,457,,80,2024年01月26日
2024-02-01,Nihon Materials,Kanto,Silicone Resin,88,1554,136752,410,,100,2023-12-09,2024年02月01日,日本マテリアル,関東,シリコーン樹脂,88,1554,136752,410,,100,2023年12月09日
2024-02-01,Nihon Materials,Kanto,Liquid Silicone,174,2091,363834,170,,60,2024-01-14,2024年02月01日,日本マテリアル,関東,液状シリコーン,174,2091,363834,170,,60,2024年01月14日
2024-02-01,Nihon Materials,Kanto,Silicone Rubber,89,820,72980,438,,60,2023-12-28,2024年02月01日,日本マテリアル,関東,シリコーンゴム,89,820,72980,438,,60,2023年12月28日
2024-02-01,Nihon Materials,Kanto,Silicone Oil,75,899,67425,279,,100,2024-01-09,2024年02月01日,日本マテリアル,関東,シリコーンオイル,75,899,67425,279,,100,2024年01月09日
2024-02-01,Nihon Materials,Kanto,Silicone Sealant,91,1739,158249,53,Yes,100,2024-01-30,2024年02月01日,日本マテリアル,関東,シリコーンシーラント,91,1739,158249,53,Yes,100,2024年01月30日
2024-02-01,Fujita Co,Kansai,Silicone Resin,168,1092,183456,364,,100,2023-12-18,2024年02月01日,藤田商事,関西,シリコーン樹脂,168,1092,183456,364,,100,2023年12月18日
2024-02-01,Fujita Co,Kansai,Liquid Silicone,90,1117,100530,355,,60,2023-12-16,2024年02月01日,藤田商事,関西,液状シリコーン,90,1117,100530,355,,60,2023年12月16日
2024-02-01,Fujita Co,Kansai,Silicone Rubber,63,1303,82089,270,,60,2024-01-12,2024年02月01日,藤田商事,関西,シリコーンゴム,63,1303,82089,270,,60,2024年01月12日
2024-02-01,Fujita Co,Kansai,Silicone Oil,179,1637,293023,184,,120,2024-01-07,2024年02月01日,藤田商事,関西,シリコーンオイル,179,1637,293023,184,,120,2024年01月07日
2024-02-01,Fujita Co,Kansai,Silicone Sealant,77,865,66605,202,,60,2024-01-27,2024年02月01日,藤田商事,関西,シリコーンシーラント,77,865,66605,202,,60,2024年01月27日
2024-02-01,Harada Inc,Kansai,Silicone Resin,94,1718,161492,342,,120,2024-01-21,2024年02月01日,原田インク,関西,シリコーン樹脂,94,1718,161492,342,,120,2024年01月21日
2024-02-01,Harada Inc,Kansai,Liquid Silicone,59,1429,84311,309,,80,2024-01-22,2024年02月01日,原田インク,関西,液状シリコーン,59,1429,84311,309,,80,2024年01月22日
2024-02-01,Harada Inc,Kansai,Silicone Rubber,142,1643,233306,389,,60,2024-01-31,2024年02月01日,原田インク,関西,シリコーンゴム,142,1643,233306,389,,60,2024年01月31日
2024-02-01,Harada Inc,Kansai,Silicone Oil,182,2099,382018,303,,120,2024-01-20,2024年02月01日,原田インク,関西,シリコーンオイル,182,2099,382018,303,,120,2024年01月20日
2024-02-01,Harada Inc,Kansai,Silicone Sealant,50,1112,55600,103,,100,2024-01-12,2024年02月01日,原田インク,関西,シリコーンシーラント,50,1112,55600,103,,100,2024年01月12日
2024-02-01,Sumida Trading,Chubu,Silicone Resin,77,1944,149688,146,,60,2023-12-16,2024年02月01日,隅田トレーディング,中部,シリコーン樹脂,77,1944,149688,146,,60,2023年12月16日
2024-02-01,Sumida Trading,Chubu,Liquid Silicone,98,955,93590,406,,120,2024-01-26,2024年02月01日,隅田トレーディング,中部,液状シリコーン,98,955,93590,406,,120,2024年01月26日
2024-02-01,Sumida Trading,Chubu,Silicone Rubber,157,2074,325618,484,,80,2023-12-13,2024年02月01日,隅田トレーディング,中部,シリコーンゴム,157,2074,325618,484,,80,2023年12月13日
2024-02-01,Sumida Trading,Chubu,Silicone Oil,127,1768,224536,332,,80,2024-01-06,2024年02月01日,隅田トレーディング,中部,シリコーンオイル,127,1768,224536,332,,80,2024年01月06日
2024-02-01,Sumida Trading,Chubu,Silicone Sealant,78,1824,142272,158,,120,2024-01-26,2024年02月01日,隅田トレーディング,中部,シリコーンシーラント,78,1824,142272,158,,120,2024年01月26日
2024-02-01,Okabe Partners,Kanto,Silicone Resin,108,1636,176688,200,,60,2023-12-12,2024年02月01日,岡部パートナーズ,関東,シリコーン樹脂,108,1636,176688,200,,60,2023年12月12日
2024-02-01,Okabe Partners,Kanto,Liquid Silicone,61,1289,78629,315,,60,2023-12-13,2024年02月01日,岡部パートナーズ,関東,液状シリコーン,61,1289,78629,315,,60,2023年12月13日
2024-02-01,Okabe Partners,Kanto,Silicone Rubber,92,925,85100,256,,100,2024-01-03,2024年02月01日,岡部パートナーズ,関東,シリコーンゴム,92,925,85100,256,,100,2024年01月03日
2024-02-01,Okabe Partners,Kanto,Silicone Oil,88,2046,180048,223,,120,2023-12-20,2024年02月01日,岡部パートナーズ,関東,シリコーンオイル,88,2046,180048,223,,120,2023年12月20日
2024-02-01,Okabe Partners,Kanto,Silicone Sealant,87,950,82650,423,,100,2023-12-18,2024年02月01日,岡部パートナーズ,関東,シリコーンシーラント,87,950,82650,423,,100,2023年12月18日
2024-02-01,Hayashi Group,Kansai,Silicone Resin,101,2159,218059,473,,100,2023-12-08,2024年02月01日,林グループ,関西,シリコーン樹脂,101,2159,218059,473,,100,2023年12月08日
2024-02-01,Hayashi Group,Kansai,Liquid Silicone,57,2164,123348,168,,120,2024-01-24,2024年02月01日,林グループ,関西,液状シリコーン,57,2164,123348,168,,120,2024年01月24日
2024-02-01,Hayashi Group,Kansai,Silicone Rubber,145,2181,316245,44,Yes,120,2024-01-10,2024年02月01日,林グループ,関西,シリコーンゴム,145,2181,316245,44,Yes,120,2024年01月10日
2024-02-01,Hayashi Group,Kansai,Silicone Oil,83,2016,167328,350,,120,2024-01-06,2024年02月01日,林グループ,関西,シリコーンオイル,83,2016,167328,350,,120,2024年01月06日
2024-02-01,Hayashi Group,Kansai,Silicone Sealant,163,1968,320784,65,Yes,80,2023-12-16,2024年02月01日,林グループ,関西,シリコーンシーラント,163,1968,320784,65,Yes,80,2023年12月16日
2024-03-01,Yamato Corp,Kansai,Silicone Resin,162,1387,224694,367,,60,2024-01-15,2024年03月01日,大和株式会社,関西,シリコーン樹脂,162,1387,224694,367,,60,2024年01月15日
2024-03-01,Yamato Corp,Kansai,Liquid Silicone,82,1824,149568,186,,120,2024-02-14,2024年03月01日,大和株式会社,関西,液状シリコーン,82,1824,149568,186,,120,2024年02月14日
2024-03-01,Yamato Corp,Kansai,Silicone Rubber,191,1876,358316,343,,60,2024-01-20,2024年03月01日,大和株式会社,関西,シリコーンゴム,191,1876,358316,343,,60,2024年01月20日
2024-03-01,Yamato Corp,Kansai,Silicone Oil,139,2043,283977,489,,100,2024-02-24,2024年03月01日,大和株式会社,関西,シリコーンオイル,139,2043,283977,489,,100,2024年02月24日
2024-03-01,Yamato Corp,Kansai,Silicone Sealant,112,1984,222208,208,,60,2024-01-13,2024年03月01日,大和株式会社,関西,シリコーンシーラント,112,1984,222208,208,,60,2024年01月13日
2024-03-01,Takeda Ltd,Kansai,Silicone Resin,62,1384,85808,284,,60,2024-01-30,2024年03月01日,武田有限会社,関西,シリコーン樹脂,62,1384,85808,284,,60,2024年01月30日
2024-03-01,Takeda Ltd,Kansai,Liquid Silicone,117,1925,225225,171,,100,2024-02-11,2024年03月01日,武田有限会社,関西,液状シリコーン,117,1925,225225,171,,100,2024年02月11日
2024-03-01,Takeda Ltd,Kansai,Silicone Rubber,131,1196,156676,318,,120,2024-01-16,2024年03月01日,武田有限会社,関西,シリコーンゴム,131,1196,156676,318,,120,2024年01月16日
2024-03-01,Takeda Ltd,Kansai,Silicone Oil,124,2167,268708,349,,120,2024-02-05,2024年03月01日,武田有限会社,関西,シリコーンオイル,124,2167,268708,349,,120,2024年02月05日
2024-03-01,Takeda Ltd,Kansai,Silicone Sealant,192,1888,362496,115,,100,2024-02-23,2024年03月01日,武田有限会社,関西,シリコーンシーラント,192,1888,362496,115,,100,2024年02月23日
2024-03-01,Nihon Materials,Kyushu,Silicone Resin,192,1716,329472,442,,80,2024-02-01,2024年03月01日,日本マテリアル,九州,シリコーン樹脂,192,1716,329472,442,,80,2024年02月01日
2024-03-01,Nihon Materials,Kyushu,Liquid Silicone,98,1535,150430,330,,80,2024-01-23,2024年03月01日,日本マテリアル,九州,液状シリコーン,98,1535,150430,330,,80,2024年01月23日
2024-03-01,Nihon Materials,Kyushu,Silicone Rubber,60,1666,99960,495,,100,2024-02-16,2024年03月01日,日本マテリアル,九州,シリコーンゴム,60,1666,99960,495,,100,2024年02月16日
2024-03-01,Nihon Materials,Kyushu,Silicone Oil,123,1761,216603,469,,60,2024-02-27,2024年03月01日,日本マテリアル,九州,シリコーンオイル,123,1761,216603,469,,60,2024年02月27日
2024-03-01,Nihon Materials,Kyushu,Silicone Sealant,134,1127,151018,343,,100,2024-02-24,2024年03月01日,日本マテリアル,九州,シリコーンシーラント,134,1127,151018,343,,100,2024年02月24日
2024-03-01,Fujita Co,Kanto,Silicone Resin,166,2044,339304,193,,60,2024-02-18,2024年03月01日,藤田商事,関東,シリコーン樹脂,166,2044,339304,193,,60,2024年02月18日
2024-03-01,Fujita Co,Kanto,Liquid Silicone,182,1103,200746,332,,120,2024-01-17,2024年03月01日,藤田商事,関東,液状シリコーン,182,1103,200746,332,,120,2024年01月17日
2024-03-01,Fujita Co,Kanto,Silicone Rubber,64,842,53888,471,,120,2024-02-24,2024年03月01日,藤田商事,関東,シリコーンゴム,64,842,53888,471,,120,2024年02月24日
2024-03-01,Fujita Co,Kanto,Silicone Oil,95,1297,123215,403,,120,2024-01-18,2024年03月01日,藤田商事,関東,シリコーンオイル,95,1297,123215,403,,120,2024年01月18日
2024-03-01,Fujita Co,Kanto,Silicone Sealant,70,1206,84420,146,,120,2024-02-14,2024年03月01日,藤田商事,関東,シリコーンシーラント,70,1206,84420,146,,120,2024年02月14日
2024-03-01,Harada Inc,Kansai,Silicone Resin,96,1940,186240,163,,120,2024-02-05,2024年03月01日,原田インク,関西,シリコーン樹脂,96,1940,186240,163,,120,2024年02月05日
2024-03-01,Harada Inc,Kansai,Liquid Silicone,85,1514,128690,90,Yes,120,2024-02-26,2024年03月01日,原田インク,関西,液状シリコーン,85,1514,128690,90,Yes,120,2024年02月26日
2024-03-01,Harada Inc,Kansai,Silicone Rubber,70,940,65800,314,,100,2024-02-16,2024年03月01日,原田インク,関西,シリコーンゴム,70,940,65800,314,,100,2024年02月16日
2024-03-01,Harada Inc,Kansai,Silicone Oil,174,1763,306762,412,,80,2024-01-15,2024年03月01日,原田インク,関西,シリコーンオイル,174,1763,306762,412,,80,2024年01月15日
2024-03-01,Harada Inc,Kansai,Silicone Sealant,76,1550,117800,195,,120,2024-02-22,2024年03月01日,原田インク,関西,シリコーンシーラント,76,1550,117800,195,,120,2024年02月22日
2024-03-01,Sumida Trading,Kanto,Silicone Resin,193,905,174665,459,,100,2024-02-12,2024年03月01日,隅田トレーディング,関東,シリコーン樹脂,193,905,174665,459,,100,2024年02月12日
2024-03-01,Sumida Trading,Kanto,Liquid Silicone,51,1388,70788,171,,100,2024-02-05,2024年03月01日,隅田トレーディング,関東,液状シリコーン,51,1388,70788,171,,100,2024年02月05日
2024-03-01,Sumida Trading,Kanto,Silicone Rubber,143,2086,298298,390,,80,2024-02-20,2024年03月01日,隅田トレーディング,関東,シリコーンゴム,143,2086,298298,390,,80,2024年02月20日
2024-03-01,Sumida Trading,Kanto,Silicone Oil,88,1708,150304,198,,120,2024-01-05,2024年03月01日,隅田トレーディング,関東,シリコーンオイル,88,1708,150304,198,,120,2024年01月05日
2024-03-01,Sumida Trading,Kanto,Silicone Sealant,91,1751,159341,75,Yes,80,2024-02-26,2024年03月01日,隅田トレーディング,関東,シリコーンシーラント,91,1751,159341,75,Yes,80,2024年02月26日
2024-03-01,Okabe Partners,Tohoku,Silicone Resin,167,1995,333165,415,,60,2024-01-19,2024年03月01日,岡部パートナーズ,東北,シリコーン樹脂,167,1995,333165,415,,60,2024年01月19日
2024-03-01,Okabe Partners,Tohoku,Liquid Silicone,96,1690,162240,180,,120,2024-02-08,2024年03月01日,岡部パートナーズ,東北,液状シリコーン,96,1690,162240,180,,120,2024年02月08日
2024-03-01,Okabe Partners,Tohoku,Silicone Rubber,167,2100,350700,253,,80,2024-02-21,2024年03月01日,岡部パートナーズ,東北,シリコーンゴム,167,2100,350700,253,,80,2024年02月21日
2024-03-01,Okabe Partners,Tohoku,Silicone Oil,75,1320,99000,310,,100,2024-02-06,2024年03月01日,岡部パートナーズ,東北,シリコーンオイル,75,1320,99000,310,,100,2024年02月06日
2024-03-01,Okabe Partners,Tohoku,Silicone Sealant,171,1481,253251,111,,80,2024-02-14,2024年03月01日,岡部パートナーズ,東北,シリコーンシーラント,171,1481,253251,111,,80,2024年02月14日
2024-03-01,Hayashi Group,Tohoku,Silicone Resin,98,1977,193746,386,,60,2024-02-26,2024年03月01日,林グループ,東北,シリコーン樹脂,98,1977,193746,386,,60,2024年02月26日
2024-03-01,Hayashi Group,Tohoku,Liquid Silicone,99,1463,144837,58,Yes,80,2024-01-22,2024年03月01日,林グループ,東北,液状シリコーン,99,1463,144837,58,Yes,80,2024年01月22日
2024-03-01,Hayashi Group,Tohoku,Silicone Rubber,138,945,130410,442,,80,2024-02-20,2024年03月01日,林グループ,東北,シリコーンゴム,138,945,130410,442,,80,2024年02月20日
2024-03-01,Hayashi Group,Tohoku,Silicone Oil,118,1486,175348,88,Yes,120,2024-01-17,2024年03月01日,林グループ,東北,シリコーンオイル,118,1486,175348,88,Yes,120,2024年01月17日
2024-03-01,Hayashi Group,Tohoku,Silicone Sealant,168,1460,245280,189,,80,2024-01-24,2024年03月01日,林グループ,東北,シリコーンシーラント,168,1460,245280,189,,80,2024年01月24日
2024-04-01,Yamato Corp,Kyushu,Silicone Resin,192,1218,233856,494,,80,2024-03-21,2024年04月01日,大和株式会社,九州,シリコーン樹脂,192,1218,233856,494,,80,2024年03月21日
2024-04-01,Yamato Corp,Kyushu,Liquid Silicone,187,1768,330616,117,,60,2024-02-04,2024年04月01日,大和株式会社,九州,液状シリコーン,187,1768,330616,117,,60,2024年02月04日
2024-04-01,Yamato Corp,Kyushu,Silicone Rubber,51,2143,109293,330,,120,2024-03-11,2024年04月01日,大和株式会社,九州,シリコーンゴム,51,2143,109293,330,,120,2024年03月11日
2024-04-01,Yamato Corp,Kyushu,Silicone Oil,195,2197,428415,164,,120,2024-02-20,2024年04月01日,大和株式会社,九州,シリコーンオイル,195,2197,428415,164,,120,2024年02月20日
2024-04-01,Yamato Corp,Kyushu,Silicone Sealant,73,1499,109427,341,,120,2024-03-28,2024年04月01日,大和株式会社,九州,シリコーンシーラント,73,1499,109427,341,,120,2024年03月28日
2024-04-01,Takeda Ltd,Tohoku,Silicone Resin,151,1353,204303,327,,120,2024-02-16,2024年04月01日,武田有限会社,東北,シリコーン樹脂,151,1353,204303,327,,120,2024年02月16日
2024-04-01,Takeda Ltd,Tohoku,Liquid Silicone,85,1543,131155,268,,60,2024-02-25,2024年04月01日,武田有限会社,東北,液状シリコーン,85,1543,131155,268,,60,2024年02月25日
2024-04-01,Takeda Ltd,Tohoku,Silicone Rubber,180,872,156960,175,,60,2024-02-02,2024年04月01日,武田有限会社,東北,シリコーンゴム,180,872,156960,175,,60,2024年02月02日
2024-04-01,Takeda Ltd,Tohoku,Silicone Oil,119,1224,145656,235,,60,2024-02-12,2024年04月01日,武田有限会社,東北,シリコーンオイル,119,1224,145656,235,,60,2024年02月12日
2024-04-01,Takeda Ltd,Tohoku,Silicone Sealant,109,1755,191295,44,Yes,80,2024-03-05,2024年04月01日,武田有限会社,東北,シリコーンシーラント,109,1755,191295,44,Yes,80,2024年03月05日
2024-04-01,Nihon Materials,Chubu,Silicone Resin,198,1575,311850,269,,80,2024-02-11,2024年04月01日,日本マテリアル,中部,シリコーン樹脂,198,1575,311850,269,,80,2024年02月11日
2024-04-01,Nihon Materials,Chubu,Liquid Silicone,116,1813,210308,339,,60,2024-02-03,2024年04月01日,日本マテリアル,中部,液状シリコーン,116,1813,210308,339,,60,2024年02月03日
2024-04-01,Nihon Materials,Chubu,Silicone Rubber,52,1141,59332,365,,100,2024-03-09,2024年04月01日,日本マテリアル,中部,シリコーンゴム,52,1141,59332,365,,100,2024年03月09日
2024-04-01,Nihon Materials,Chubu,Silicone Oil,51,1413,72063,248,,120,2024-02-27,2024年04月01日,日本マテリアル,中部,シリコーンオイル,51,1413,72063,248,,120,2024年02月27日
2024-04-01,Nihon Materials,Chubu,Silicone Sealant,79,915,72285,303,,100,2024-02-17,2024年04月01日,日本マテリアル,中部,シリコーンシーラント,79,915,72285,303,,100,2024年02月17日
2024-04-01,Fujita Co,Kanto,Silicone Resin,85,1252,106420,372,,60,2024-03-01,2024年04月01日,藤田商事,関東,シリコーン樹脂,85,1252,106420,372,,60,2024年03月01日
2024-04-01,Fujita Co,Kanto,Liquid Silicone,96,1816,174336,350,,80,2024-02-19,2024年04月01日,藤田商事,関東,液状シリコーン,96,1816,174336,350,,80,2024年02月19日
2024-04-01,Fujita Co,Kanto,Silicone Rubber,170,854,145180,439,,80,2024-03-15,2024年04月01日,藤田商事,関東,シリコーンゴム,170,854,145180,439,,80,2024年03月15日
2024-04-01,Fujita Co,Kanto,Silicone Oil,193,1779,343347,42,Yes,80,2024-03-02,2024年04月01日,藤田商事,関東,シリコーンオイル,193,1779,343347,42,Yes,80,2024年03月02日
2024-04-01,Fujita Co,Kanto,Silicone Sealant,72,1147,82584,154,,80,2024-02-07,2024年04月01日,藤田商事,関東,シリコーンシーラント,72,1147,82584,154,,80,2024年02月07日
2024-04-01,Harada Inc,Kansai,Silicone Resin,54,2071,111834,403,,60,2024-02-04,2024年04月01日,原田インク,関西,シリコーン樹脂,54,2071,111834,403,,60,2024年02月04日
2024-04-01,Harada Inc,Kansai,Liquid Silicone,79,948,74892,123,,100,2024-03-10,2024年04月01日,原田インク,関西,液状シリコーン,79,948,74892,123,,100,2024年03月10日
2024-04-01,Harada Inc,Kansai,Silicone Rubber,81,1984,160704,311,,80,2024-02-23,2024年04月01日,原田インク,関西,シリコーンゴム,81,1984,160704,311,,80,2024年02月23日
2024-04-01,Harada Inc,Kansai,Silicone Oil,191,1280,244480,190,,100,2024-02-16,2024年04月01日,原田インク,関西,シリコーンオイル,191,1280,244480,190,,100,2024年02月16日
2024-04-01,Harada Inc,Kansai,Silicone Sealant,115,1160,133400,380,,100,2024-03-05,2024年04月01日,原田インク,関西,シリコーンシーラント,115,1160,133400,380,,100,2024年03月05日
2024-04-01,Sumida Trading,Chubu,Silicone Resin,124,1634,202616,219,,100,2024-03-09,2024年04月01日,隅田トレーディング,中部,シリコーン樹脂,124,1634,202616,219,,100,2024年03月09日
2024-04-01,Sumida Trading,Chubu,Liquid Silicone,104,1061,110344,458,,100,2024-02-18,2024年04月01日,隅田トレーディング,中部,液状シリコーン,104,1061,110344,458,,100,2024年02月18日
2024-04-01,Sumida Trading,Chubu,Silicone Rubber,192,1141,219072,355,,60,2024-02-09,2024年04月01日,隅田トレーディング,中部,シリコーンゴム,192,1141,219072,355,,60,2024年02月09日
2024-04-01,Sumida Trading,Chubu,Silicone Oil,61,2062,125782,88,Yes,100,2024-02-23,2024年04月01日,隅田トレーディング,中部,シリコーンオイル,61,2062,125782,88,Yes,100,2024年02月23日
2024-04-01,Sumida Trading,Chubu,Silicone Sealant,131,1981,259511,255,,100,2024-03-02,2024年04月01日,隅田トレーディング,中部,シリコーンシーラント,131,1981,259511,255,,100,2024年03月02日
2024-04-01,Okabe Partners,Chubu,Silicone Resin,183,1890,345870,375,,120,2024-02-09,2024年04月01日,岡部パートナーズ,中部,シリコーン樹脂,183,1890,345870,375,,120,2024年02月09日
2024-04-01,Okabe Partners,Chubu,Liquid Silicone,63,872,54936,438,,60,2024-02-26,2024年04月01日,岡部パートナーズ,中部,液状シリコーン,63,872,54936,438,,60,2024年02月26日
2024-04-01,Okabe Partners,Chubu,Silicone Rubber,115,1658,190670,169,,120,2024-03-14,2024年04月01日,岡部パートナーズ,中部,シリコーンゴム,115,1658,190670,169,,120,2024年03月14日
2024-04-01,Okabe Partners,Chubu,Silicone Oil,69,1065,73485,64,Yes,100,2024-03-07,2024年04月01日,岡部パートナーズ,中部,シリコーンオイル,69,1065,73485,64,Yes,100,2024年03月07日
2024-04-01,Okabe Partners,Chubu,Silicone Sealant,103,2112,217536,203,,120,2024-03-18,2024年04月01日,岡部パートナーズ,中部,シリコーンシーラント,103,2112,217536,203,,120,2024年03月18日
2024-04-01,Hayashi Group,Tohoku,Silicone Resin,114,1933,220362,375,,100,2024-02-15,2024年04月01日,林グループ,東北,シリコーン樹脂,114,1933,220362,375,,100,2024年02月15日
2024-04-01,Hayashi Group,Tohoku,Liquid Silicone,174,1698,295452,464,,100,2024-03-07,2024年04月01日,林グループ,東北,液状シリコーン,174,1698,295452,464,,100,2024年03月07日
2024-04-01,Hayashi Group,Tohoku,Silicone Rubber,190,1940,368600,431,,60,2024-02-27,2024年04月01日,林グループ,東北,シリコーンゴム,190,1940,368600,431,,60,2024年02月27日
2024-04-01,Hayashi Group,Tohoku,Silicone Oil,74,1902,140748,107,,60,2024-03-20,2024年04月01日,林グループ,東北,シリコーンオイル,74,1902,140748,107,,60,2024年03月20日
2024-04-01,Hayashi Group,Tohoku,Silicone Sealant,81,927,75087,135,,80,2024-03-19,2024年04月01日,林グループ,東北,シリコーンシーラント,81,927,75087,135,,80,2024年03月19日
2024-05-01,Yamato Corp,Kanto,Silicone Resin,80,1645,131600,59,Yes,100,2024-04-02,2024年05月01日,大和株式会社,関東,シリコーン樹脂,80,1645,131600,59,Yes,100,2024年04月02日
2024-05-01,Yamato Corp,Kanto,Liquid Silicone,109,1246,135814,429,,80,2024-04-02,2024年05月01日,大和株式会社,関東,液状シリコーン,109,1246,135814,429,,80,2024年04月02日
2024-05-01,Yamato Corp,Kanto,Silicone Rubber,92,1053,96876,169,,80,2024-04-08,2024年05月01日,大和株式会社,関東,シリコーンゴム,92,1053,96876,169,,80,2024年04月08日
2024-05-01,Yamato Corp,Kanto,Silicone Oil,80,1810,144800,44,Yes,120,2024-03-28,2024年05月01日,大和株式会社,関東,シリコーンオイル,80,1810,144800,44,Yes,120,2024年03月28日
2024-05-01,Yamato Corp,Kanto,Silicone Sealant,59,1144,67496,169,,100,2024-04-20,2024年05月01日,大和株式会社,関東,シリコーンシーラント,59,1144,67496,169,,100,2024年04月20日
2024-05-01,Takeda Ltd,Kansai,Silicone Resin,105,1256,131880,122,,60,2024-03-27,2024年05月01日,武田有限会社,関西,シリコーン樹脂,105,1256,131880,122,,60,2024年03月27日
2024-05-01,Takeda Ltd,Kansai,Liquid Silicone,198,2152,426096,195,,100,2024-03-16,2024年05月01日,武田有限会社,関西,液状シリコーン,198,2152,426096,195,,100,2024年03月16日
2024-05-01,Takeda Ltd,Kansai,Silicone Rubber,164,1062,174168,119,,80,2024-03-29,2024年05月01日,武田有限会社,関西,シリコーンゴム,164,1062,174168,119,,80,2024年03月29日
2024-05-01,Takeda Ltd,Kansai,Silicone Oil,53,1584,83952,140,,120,2024-03-10,2024年05月01日,武田有限会社,関西,シリコーンオイル,53,1584,83952,140,,120,2024年03月10日
2024-05-01,Takeda Ltd,Kansai,Silicone Sealant,101,1219,123119,163,,100,2024-03-23,2024年05月01日,武田有限会社,関西,シリコーンシーラント,101,1219,123119,163,,100,2024年03月23日
2024-05-01,Nihon Materials,Chubu,Silicone Resin,112,1567,175504,46,Yes,120,2024-04-03,2024年05月01日,日本マテリアル,中部,シリコーン樹脂,112,1567,175504,46,Yes,120,2024年04月03日
2024-05-01,Nihon Materials,Chubu,Liquid Silicone,63,1254,79002,268,,60,2024-04-09,2024年05月01日,日本マテリアル,中部,液状シリコーン,63,1254,79002,268,,60,2024年04月09日
2024-05-01,Nihon Materials,Chubu,Silicone Rubber,182,1309,238238,222,,100,2024-04-04,2024年05月01日,日本マテリアル,中部,シリコーンゴム,182,1309,238238,222,,100,2024年04月04日
2024-05-01,Nihon Materials,Chubu,Silicone Oil,198,1045,206910,269,,120,2024-04-10,2024年05月01日,日本マテリアル,中部,シリコーンオイル,198,1045,206910,269,,120,2024年04月10日
2024-05-01,Nihon Materials,Chubu,Silicone Sealant,187,1700,317900,104,,60,2024-04-10,2024年05月01日,日本マテリアル,中部,シリコーンシーラント,187,1700,317900,104,,60,2024年04月10日
2024-05-01,Fujita Co,Kyushu,Silicone Resin,131,972,127332,199,,80,2024-04-14,2024年05月01日,藤田商事,九州,シリコーン樹脂,131,972,127332,199,,80,2024年04月14日
2024-05-01,Fujita Co,Kyushu,Liquid Silicone,188,1502,282376,444,,80,2024-03-07,2024年05月01日,藤田商事,九州,液状シリコーン,188,1502,282376,444,,80,2024年03月07日
2024-05-01,Fujita Co,Kyushu,Silicone Rubber,166,1309,217294,235,,100,2024-03-10,2024年05月01日,藤田商事,九州,シリコーンゴム,166,1309,217294,235,,100,2024年03月10日
2024-05-01,Fujita Co,Kyushu,Silicone Oil,161,1393,224273,271,,120,2024-03-21,2024年05月01日,藤田商事,九州,シリコーンオイル,161,1393,224273,271,,120,2024年03月21日
2024-05-01,Fujita Co,Kyushu,Silicone Sealant,91,820,74620,81,,60,2024-03-13,2024年05月01日,藤田商事,九州,シリコーンシーラント,91,820,74620,81,,60,2024年03月13日
2024-05-01,Harada Inc,Kansai,Silicone Resin,154,991,152614,56,Yes,80,2024-04-22,2024年05月01日,原田インク,関西,シリコーン樹脂,154,991,152614,56,Yes,80,2024年04月22日
2024-05-01,Harada Inc,Kansai,Liquid Silicone,178,1953,347634,99,,80,2024-04-02,2024年05月01日,原田インク,関西,液状シリコーン,178,1953,347634,99,,80,2024年04月02日
2024-05-01,Harada Inc,Kansai,Silicone Rubber,146,1833,267618,281,,100,2024-03-22,2024年05月01日,原田インク,関西,シリコーンゴム,146,1833,267618,281,,100,2024年03月22日
2024-05-01,Harada Inc,Kansai,Silicone Oil,70,2107,147490,242,,120,2024-03-28,2024年05月01日,原田インク,関西,シリコーンオイル,70,2107,147490,242,,120,2024年03月28日
2024-05-01,Harada Inc,Kansai,Silicone Sealant,57,1525,86925,239,,60,2024-04-16,2024年05月01日,原田インク,関西,シリコーンシーラント,57,1525,86925,239,,60,2024年04月16日
2024-05-01,Sumida Trading,Tohoku,Silicone Resin,194,1755,340470,382,,80,2024-03-17,2024年05月01日,隅田トレーディング,東北,シリコーン樹脂,194,1755,340470,382,,80,2024年03月17日
2024-05-01,Sumida Trading,Tohoku,Liquid Silicone,118,1739,205202,488,,120,2024-03-25,2024年05月01日,隅田トレーディング,東北,液状シリコーン,118,1739,205202,488,,120,2024年03月25日
2024-05-01,Sumida Trading,Tohoku,Silicone Rubber,57,1644,93708,239,,60,2024-04-08,2024年05月01日,隅田トレーディング,東北,シリコーンゴム,57,1644,93708,239,,60,2024年04月08日
2024-05-01,Sumida Trading,Tohoku,Silicone Oil,92,1207,111044,191,,60,2024-04-26,2024年05月01日,隅田トレーディング,東北,シリコーンオイル,92,1207,111044,191,,60,2024年04月26日
2024-05-01,Sumida Trading,Tohoku,Silicone Sealant,197,1076,211972,271,,100,2024-03-31,2024年05月01日,隅田トレーディング,東北,シリコーンシーラント,197,1076,211972,271,,100,2024年03月31日
2024-05-01,Okabe Partners,Kanto,Silicone Resin,159,2051,326109,178,,80,2024-04-16,2024年05月01日,岡部パートナーズ,関東,シリコーン樹脂,159,2051,326109,178,,80,2024年04月16日
2024-05-01,Okabe Partners,Kanto,Liquid Silicone,184,1298,238832,67,Yes,120,2024-03-19,2024年05月01日,岡部パートナーズ,関東,液状シリコーン,184,1298,238832,67,Yes,120,2024年03月19日
2024-05-01,Okabe Partners,Kanto,Silicone Rubber,54,1572,84888,389,,100,2024-03-30,2024年05月01日,岡部パートナーズ,関東,シリコーンゴム,54,1572,84888,389,,100,2024年03月30日
2024-05-01,Okabe Partners,Kanto,Silicone Oil,57,2143,122151,177,,100,2024-03-15,2024年05月01日,岡部パートナーズ,関東,シリコーンオイル,57,2143,122151,177,,100,2024年03月15日
2024-05-01,Okabe Partners,Kanto,Silicone Sealant,161,2043,328923,376,,120,2024-04-23,2024年05月01日,岡部パートナーズ,関東,シリコーンシーラント,161,2043,328923,376,,120,2024年04月23日
2024-05-01,Hayashi Group,Kyushu,Silicone Resin,153,1720,263160,368,,100,2024-04-16,2024年05月01日,林グループ,九州,シリコーン樹脂,153,1720,263160,368,,100,2024年04月16日
2024-05-01,Hayashi Group,Kyushu,Liquid Silicone,98,1635,160230,117,,60,2024-03-21,2024年05月01日,林グループ,九州,液状シリコーン,98,1635,160230,117,,60,2024年03月21日
2024-05-01,Hayashi Group,Kyushu,Silicone Rubber,171,918,156978,229,,120,2024-03-12,2024年05月01日,林グループ,九州,シリコーンゴム,171,918,156978,229,,120,2024年03月12日
2024-05-01,Hayashi Group,Kyushu,Silicone Oil,59,948,55932,203,,80,2024-04-04,2024年05月01日,林グループ,九州,シリコーンオイル,59,948,55932,203,,80,2024年04月04日
2024-05-01,Hayashi Group,Kyushu,Silicone Sealant,51,1173,59823,308,,60,2024-03-30,2024年05月01日,林グループ,九州,シリコーンシーラント,51,1173,59823,308,,60,2024年03月30日
2024-06-01,Yamato Corp,Kansai,Silicone Resin,144,2111,303984,327,,80,2024-04-28,2024年06月01日,大和株式会社,関西,シリコーン樹脂,144,2111,303984,327,,80,2024年04月28日
2024-06-01,Yamato Corp,Kansai,Liquid Silicone,60,1321,79260,310,,60,2024-04-22,2024年06月01日,大和株式会社,関西,液状シリコーン,60,1321,79260,310,,60,2024年04月22日
2024-06-01,Yamato Corp,Kansai,Silicone Rubber,195,982,191490,496,,60,2024-04-22,2024年06月01日,大和株式会社,関西,シリコーンゴム,195,982,191490,496,,60,2024年04月22日
2024-06-01,Yamato Corp,Kansai,Silicone Oil,108,1645,177660,163,,100,2024-05-07,2024年06月01日,大和株式会社,関西,シリコーンオイル,108,1645,177660,163,,100,2024年05月07日
2024-06-01,Yamato Corp,Kansai,Silicone Sealant,163,1589,259007,453,,80,2024-05-11,2024年06月01日,大和株式会社,関西,シリコーンシーラント,163,1589,259007,453,,80,2024年05月11日
2024-06-01,Takeda Ltd,Kansai,Silicone Resin,81,1485,120285,152,,80,2024-05-11,2024年06月01日,武田有限会社,関西,シリコーン樹脂,81,1485,120285,152,,80,2024年05月11日
2024-06-01,Takeda Ltd,Kansai,Liquid Silicone,171,2045,349695,158,,120,2024-04-13,2024年06月01日,武田有限会社,関西,液状シリコーン,171,2045,349695,158,,120,2024年04月13日
2024-06-01,Takeda Ltd,Kansai,Silicone Rubber,61,2056,125416,470,,100,2024-05-11,2024年06月01日,武田有限会社,関西,シリコーンゴム,61,2056,125416,470,,100,2024年05月11日
2024-06-01,Takeda Ltd,Kansai,Silicone Oil,190,1821,345990,188,,100,2024-05-24,2024年06月01日,武田有限会社,関西,シリコーンオイル,190,1821,345990,188,,100,2024年05月24日
2024-06-01,Takeda Ltd,Kansai,Silicone Sealant,95,2183,207385,277,,120,2024-05-09,2024年06月01日,武田有限会社,関西,シリコーンシーラント,95,2183,207385,277,,120,2024年05月09日
2024-06-01,Nihon Materials,Chubu,Silicone Resin,135,1461,197235,274,,60,2024-05-10,2024年06月01日,日本マテリアル,中部,シリコーン樹脂,135,1461,197235,274,,60,2024年05月10日
2024-06-01,Nihon Materials,Chubu,Liquid Silicone,141,1569,221229,68,,60,2024-05-17,2024年06月01日,日本マテリアル,中部,液状シリコーン,141,1569,221229,68,,60,2024年05月17日
2024-06-01,Nihon Materials,Chubu,Silicone Rubber,76,887,67412,83,,60,2024-05-10,2024年06月01日,日本マテリアル,中部,シリコーンゴム,76,887,67412,83,,60,2024年05月10日
2024-06-01,Nihon Materials,Chubu,Silicone Oil,146,1495,218270,42,Yes,120,2024-04-08,2024年06月01日,日本マテリアル,中部,シリコーンオイル,146,1495,218270,42,Yes,120,2024年04月08日
2024-06-01,Nihon Materials,Chubu,Silicone Sealant,68,822,55896,452,,100,2024-04-23,2024年06月01日,日本マテリアル,中部,シリコーンシーラント,68,822,55896,452,,100,2024年04月23日
2024-06-01,Fujita Co,Kansai,Silicone Resin,157,2190,343830,320,,80,2024-04-25,2024年06月01日,藤田商事,関西,シリコーン樹脂,157,2190,343830,320,,80,2024年04月25日
2024-06-01,Fujita Co,Kansai,Liquid Silicone,160,935,149600,401,,100,2024-05-16,2024年06月01日,藤田商事,関西,液状シリコーン,160,935,149600,401,,100,2024年05月16日
2024-06-01,Fujita Co,Kansai,Silicone Rubber,121,928,112288,403,,60,2024-05-29,2024年06月01日,藤田商事,関西,シリコーンゴム,121,928,112288,403,,60,2024年05月29日
2024-06-01,Fujita Co,Kansai,Silicone Oil,181,1927,348787,263,,80,2024-04-20,2024年06月01日,藤田商事,関西,シリコーンオイル,181,1927,348787,263,,80,2024年04月20日
2024-06-01,Fujita Co,Kansai,Silicone Sealant,147,1272,186984,49,Yes,60,2024-04-16,2024年06月01日,藤田商事,関西,シリコーンシーラント,147,1272,186984,49,Yes,60,2024年04月16日
2024-06-01,Harada Inc,Kanto,Silicone Resin,115,1736,199640,151,,60,2024-05-23,2024年06月01日,原田インク,関東,シリコーン樹脂,115,1736,199640,151,,60,2024年05月23日
2024-06-01,Harada Inc,Kanto,Liquid Silicone,135,1033,139455,129,,100,2024-04-08,2024年06月01日,原田インク,関東,液状シリコーン,135,1033,139455,129,,100,2024年04月08日
2024-06-01,Harada Inc,Kanto,Silicone Rubber,61,1008,61488,53,Yes,60,2024-04-28,2024年06月01日,原田インク,関東,シリコーンゴム,61,1008,61488,53,Yes,60,2024年04月28日
2024-06-01,Harada Inc,Kanto,Silicone Oil,170,1843,313310,114,,80,2024-04-11,2024年06月01日,原田インク,関東,シリコーンオイル,170,1843,313310,114,,80,2024年04月11日
2024-06-01,Harada Inc,Kanto,Silicone Sealant,119,2034,242046,140,,100,2024-05-28,2024年06月01日,原田インク,関東,シリコーンシーラント,119,2034,242046,140,,100,2024年05月28日
2024-06-01,Sumida Trading,Kanto,Silicone Resin,160,1955,312800,59,Yes,100,2024-05-08,2024年06月01日,隅田トレーディング,関東,シリコーン樹脂,160,1955,312800,59,Yes,100,2024年05月08日
2024-06-01,Sumida Trading,Kanto,Liquid Silicone,86,1621,139406,398,,60,2024-05-22,2024年06月01日,隅田トレーディング,関東,液状シリコーン,86,1621,139406,398,,60,2024年05月22日
2024-06-01,Sumida Trading,Kanto,Silicone Rubber,87,1741,151467,299,,80,2024-04-05,2024年06月01日,隅田トレーディング,関東,シリコーンゴム,87,1741,151467,299,,80,2024年04月05日
2024-06-01,Sumida Trading,Kanto,Silicone Oil,69,1072,73968,158,,120,2024-05-28,2024年06月01日,隅田トレーディング,関東,シリコーンオイル,69,1072,73968,158,,120,2024年05月28日
2024-06-01,Sumida Trading,Kanto,Silicone Sealant,63,1135,71505,225,,120,2024-04-10,2024年06月01日,隅田トレーディング,関東,シリコーンシーラント,63,1135,71505,225,,120,2024年04月10日
2024-06-01,Okabe Partners,Kansai,Silicone Resin,181,1565,283265,63,Yes,100,2024-05-02,2024年06月01日,岡部パートナーズ,関西,シリコーン樹脂,181,1565,283265,63,Yes,100,2024年05月02日
2024-06-01,Okabe Partners,Kansai,Liquid Silicone,131,958,125498,227,,80,2024-05-13,2024年06月01日,岡部パートナーズ,関西,液状シリコーン,131,958,125498,227,,80,2024年05月13日
2024-06-01,Okabe Partners,Kansai,Silicone Rubber,98,2142,209916,405,,120,2024-05-10,2024年06月01日,岡部パートナーズ,関西,シリコーンゴム,98,2142,209916,405,,120,2024年05月10日
2024-06-01,Okabe Partners,Kansai,Silicone Oil,158,1899,300042,69,Yes,100,2024-04-24,2024年06月01日,岡部パートナーズ,関西,シリコーンオイル,158,1899,300042,69,Yes,100,2024年04月24日
2024-06-01,Okabe Partners,Kansai,Silicone Sealant,166,1726,286516,395,,80,2024-05-13,2024年06月01日,岡部パートナーズ,関西,シリコーンシーラント,166,1726,286516,395,,80,2024年05月13日
2024-06-01,Hayashi Group,Chubu,Silicone Resin,143,982,140426,152,,120,2024-04-29,2024年06月01日,林グループ,中部,シリコーン樹脂,143,982,140426,152,,120,2024年04月29日
2024-06-01,Hayashi Group,Chubu,Liquid Silicone,195,1630,317850,155,,60,2024-04-03,2024年06月01日,林グループ,中部,液状シリコーン,195,1630,317850,155,,60,2024年04月03日
2024-06-01,Hayashi Group,Chubu,Silicone Rubber,96,1770,169920,352,,80,2024-04-08,2024年06月01日,林グループ,中部,シリコーンゴム,96,1770,169920,352,,80,2024年04月08日
2024-06-01,Hayashi Group,Chubu,Silicone Oil,94,960,90240,440,,100,2024-05-28,2024年06月01日,林グループ,中部,シリコーンオイル,94,960,90240,440,,100,2024年05月28日
2024-06-01,Hayashi Group,Chubu,Silicone Sealant,197,1870,368390,438,,100,2024-04-15,2024年06月01日,林グループ,中部,シリコーンシーラント,197,1870,368390,438,,100,2024年04月15日